/*============================== DELETE  ================================*/
DELETE FROM T_LOG;
DELETE FROM T_USER_ROLE;
DELETE FROM T_RESOURCE_LOCATION;
DELETE FROM T_ROLE_RESOURCE;
DELETE FROM T_LOCATION;
DELETE FROM T_RESOURCE;
DELETE FROM T_ROLE;
DELETE FROM T_USER;
DELETE FROM T_CURRENCY;
DELETE FROM T_SYSPARAM;
/*============================== T_RESOURCE ================================*/
INSERT INTO T_RESOURCE (ID,NAME,REMARK,PARENTID,TYPE) VALUES (1,'首頁','',0,1);
INSERT INTO T_RESOURCE (ID,NAME,REMARK,PARENTID,TYPE) VALUES (2,'下單','',0,1);
INSERT INTO T_RESOURCE (ID,NAME,REMARK,PARENTID,TYPE) VALUES (3,'贖回','',0,1);
INSERT INTO T_RESOURCE (ID,NAME,REMARK,PARENTID,TYPE) VALUES (4,'轉換','',0,1);
INSERT INTO T_RESOURCE (ID,NAME,REMARK,PARENTID,TYPE) VALUES (5,'轉申購','',0,1);
INSERT INTO T_RESOURCE (ID,NAME,REMARK,PARENTID,TYPE) VALUES (6,'定期異動','',0,1);
INSERT INTO T_RESOURCE (ID,NAME,REMARK,PARENTID,TYPE) VALUES (7,'報表查詢','',0,1);
INSERT INTO T_RESOURCE (ID,NAME,REMARK,PARENTID,TYPE) VALUES (8,'系統管理','',0,1);
INSERT INTO T_RESOURCE (ID,NAME,REMARK,PARENTID,TYPE) VALUES (9,'修改資料','',0,1);
INSERT INTO T_RESOURCE (ID,NAME,REMARK,PARENTID,TYPE) VALUES (10,'登出','',0,1);
INSERT INTO T_RESOURCE (ID,NAME,REMARK,PARENTID,TYPE) VALUES (11,'單筆投資','',2,1);
INSERT INTO T_RESOURCE (ID,NAME,REMARK,PARENTID,TYPE) VALUES (12,'定期定額','',2,1);
INSERT INTO T_RESOURCE (ID,NAME,REMARK,PARENTID,TYPE) VALUES (13,'定期不定額','',2,1);
INSERT INTO T_RESOURCE (ID,NAME,REMARK,PARENTID,TYPE) VALUES (14,'定期定額異動','',6,1);
INSERT INTO T_RESOURCE (ID,NAME,REMARK,PARENTID,TYPE) VALUES (15,'定期不定額異動','',6,1);
INSERT INTO T_RESOURCE (ID,NAME,REMARK,PARENTID,TYPE) VALUES (16,'基金績效列表','',7,1);
INSERT INTO T_RESOURCE (ID,NAME,REMARK,PARENTID,TYPE) VALUES (17,'客戶投資績效','',7,1);
INSERT INTO T_RESOURCE (ID,NAME,REMARK,PARENTID,TYPE) VALUES (18,'添加用戶','',8,1);
INSERT INTO T_RESOURCE (ID,NAME,REMARK,PARENTID,TYPE) VALUES (19,'管理用戶資料','',8,1);
INSERT INTO T_RESOURCE (ID,NAME,REMARK,PARENTID,TYPE) VALUES (20,'手續費設定','',8,1);
INSERT INTO T_RESOURCE (ID,NAME,REMARK,PARENTID,TYPE) VALUES (21,'其它設定','',8,1);
INSERT INTO T_RESOURCE (ID,NAME,REMARK,PARENTID,TYPE) VALUES (22,'轉換費設定','',8,1);
INSERT INTO T_RESOURCE (ID,NAME,REMARK,PARENTID,TYPE) VALUES (23,'投資金額設定','',8,1);
INSERT INTO T_RESOURCE (ID,NAME,REMARK,PARENTID,TYPE) VALUES (24,'初始密碼設定','',8,1);
INSERT INTO T_RESOURCE (ID,NAME,REMARK,PARENTID,TYPE) VALUES (25,'競賽主題設定','',8,1);
INSERT INTO T_RESOURCE (ID,NAME,REMARK,PARENTID,TYPE) VALUES (26,'修改用戶資料','',9,1);
INSERT INTO T_RESOURCE (ID,NAME,REMARK,PARENTID,TYPE) VALUES (27,'修改用戶密碼','',9,1);
/*============================== T_ROLE ================================*/

INSERT INTO T_ROLE (ID,NAME,REMARK) VALUES (1,'系統管理員','');
INSERT INTO T_ROLE (ID,NAME,REMARK) VALUES (2,'一般用戶','');
/*============================== T_ROLE_RESOURCE ================================*/

INSERT INTO T_ROLE_RESOURCE (ID,RESOURCEID,ROLEID) VALUES (1,1,1);
INSERT INTO T_ROLE_RESOURCE (ID,RESOURCEID,ROLEID) VALUES (7,7,1);
INSERT INTO T_ROLE_RESOURCE (ID,RESOURCEID,ROLEID) VALUES (8,8,1);
INSERT INTO T_ROLE_RESOURCE (ID,RESOURCEID,ROLEID) VALUES (9,9,1);
INSERT INTO T_ROLE_RESOURCE (ID,RESOURCEID,ROLEID) VALUES (10,10,1);
INSERT INTO T_ROLE_RESOURCE (ID,RESOURCEID,ROLEID) VALUES (16,16,1);
INSERT INTO T_ROLE_RESOURCE (ID,RESOURCEID,ROLEID) VALUES (17,17,1);
INSERT INTO T_ROLE_RESOURCE (ID,RESOURCEID,ROLEID) VALUES (18,18,1);
INSERT INTO T_ROLE_RESOURCE (ID,RESOURCEID,ROLEID) VALUES (19,19,1);
INSERT INTO T_ROLE_RESOURCE (ID,RESOURCEID,ROLEID) VALUES (20,20,1);
INSERT INTO T_ROLE_RESOURCE (ID,RESOURCEID,ROLEID) VALUES (21,21,1);
INSERT INTO T_ROLE_RESOURCE (ID,RESOURCEID,ROLEID) VALUES (22,22,1);
INSERT INTO T_ROLE_RESOURCE (ID,RESOURCEID,ROLEID) VALUES (23,23,1);
INSERT INTO T_ROLE_RESOURCE (ID,RESOURCEID,ROLEID) VALUES (24,24,1);
INSERT INTO T_ROLE_RESOURCE (ID,RESOURCEID,ROLEID) VALUES (25,25,1);
INSERT INTO T_ROLE_RESOURCE (ID,RESOURCEID,ROLEID) VALUES (26,26,1);
INSERT INTO T_ROLE_RESOURCE (ID,RESOURCEID,ROLEID) VALUES (27,27,1);

INSERT INTO T_ROLE_RESOURCE (ID,RESOURCEID,ROLEID) VALUES (28,1,2);
INSERT INTO T_ROLE_RESOURCE (ID,RESOURCEID,ROLEID) VALUES (29,2,2);
INSERT INTO T_ROLE_RESOURCE (ID,RESOURCEID,ROLEID) VALUES (30,3,2);
INSERT INTO T_ROLE_RESOURCE (ID,RESOURCEID,ROLEID) VALUES (31,4,2);
INSERT INTO T_ROLE_RESOURCE (ID,RESOURCEID,ROLEID) VALUES (32,5,2);
INSERT INTO T_ROLE_RESOURCE (ID,RESOURCEID,ROLEID) VALUES (33,6,2);
INSERT INTO T_ROLE_RESOURCE (ID,RESOURCEID,ROLEID) VALUES (34,7,2);
INSERT INTO T_ROLE_RESOURCE (ID,RESOURCEID,ROLEID) VALUES (35,9,2);
INSERT INTO T_ROLE_RESOURCE (ID,RESOURCEID,ROLEID) VALUES (36,10,2);
INSERT INTO T_ROLE_RESOURCE (ID,RESOURCEID,ROLEID) VALUES (37,11,2);
INSERT INTO T_ROLE_RESOURCE (ID,RESOURCEID,ROLEID) VALUES (38,12,2);
INSERT INTO T_ROLE_RESOURCE (ID,RESOURCEID,ROLEID) VALUES (39,13,2);
INSERT INTO T_ROLE_RESOURCE (ID,RESOURCEID,ROLEID) VALUES (40,14,2);
INSERT INTO T_ROLE_RESOURCE (ID,RESOURCEID,ROLEID) VALUES (41,15,2);
INSERT INTO T_ROLE_RESOURCE (ID,RESOURCEID,ROLEID) VALUES (42,16,2);
INSERT INTO T_ROLE_RESOURCE (ID,RESOURCEID,ROLEID) VALUES (43,17,2);
INSERT INTO T_ROLE_RESOURCE (ID,RESOURCEID,ROLEID) VALUES (44,26,2);
INSERT INTO T_ROLE_RESOURCE (ID,RESOURCEID,ROLEID) VALUES (45,27,2);
/*============================== T_LOCATION ============================*/

INSERT INTO T_LOCATION (ID,URL,REMARK) VALUES (1,'getFundsByType.do','');
INSERT INTO T_LOCATION (ID,URL,REMARK) VALUES (2,'getFundsByCompany.do','');
INSERT INTO T_LOCATION (ID,URL,REMARK) VALUES (3,'computeHandlingTariff.do','');

INSERT INTO T_LOCATION (ID,URL,REMARK) VALUES (4,'preSingleInvestment.do','');
INSERT INTO T_LOCATION (ID,URL,REMARK) VALUES (5,'singleInvestment.do','');
INSERT INTO T_LOCATION (ID,URL,REMARK) VALUES (6,'preRegularInvestment.do','');
INSERT INTO T_LOCATION (ID,URL,REMARK) VALUES (7,'regularInvestment.do','');
INSERT INTO T_LOCATION (ID,URL,REMARK) VALUES (8,'preIrregularInvestment.do','');
INSERT INTO T_LOCATION (ID,URL,REMARK) VALUES (9,'irregularInvestment.do','');

INSERT INTO T_LOCATION (ID,URL,REMARK) VALUES (10,'menu_1.do','');
INSERT INTO T_LOCATION (ID,URL,REMARK) VALUES (11,'menu_2.do','');
INSERT INTO T_LOCATION (ID,URL,REMARK) VALUES (12,'menu_3.do','');
INSERT INTO T_LOCATION (ID,URL,REMARK) VALUES (13,'menu_4.do','');
INSERT INTO T_LOCATION (ID,URL,REMARK) VALUES (14,'menu_5.do','');
INSERT INTO T_LOCATION (ID,URL,REMARK) VALUES (15,'menu_6.do','');
INSERT INTO T_LOCATION (ID,URL,REMARK) VALUES (16,'menu_7.do','');
INSERT INTO T_LOCATION (ID,URL,REMARK) VALUES (17,'menu_8.do','');
INSERT INTO T_LOCATION (ID,URL,REMARK) VALUES (18,'menu_9.do','');
INSERT INTO T_LOCATION (ID,URL,REMARK) VALUES (19,'menu_10.do','');
INSERT INTO T_LOCATION (ID,URL,REMARK) VALUES (20,'menu_11.do','');
INSERT INTO T_LOCATION (ID,URL,REMARK) VALUES (21,'menu_12.do','');
INSERT INTO T_LOCATION (ID,URL,REMARK) VALUES (22,'menu_13.do','');
INSERT INTO T_LOCATION (ID,URL,REMARK) VALUES (23,'menu_14.do','');
INSERT INTO T_LOCATION (ID,URL,REMARK) VALUES (24,'menu_15.do','');
INSERT INTO T_LOCATION (ID,URL,REMARK) VALUES (25,'menu_16.do','');
INSERT INTO T_LOCATION (ID,URL,REMARK) VALUES (26,'menu_17.do','');
INSERT INTO T_LOCATION (ID,URL,REMARK) VALUES (27,'menu_18.do','');
INSERT INTO T_LOCATION (ID,URL,REMARK) VALUES (28,'menu_19.do','');
INSERT INTO T_LOCATION (ID,URL,REMARK) VALUES (29,'menu_20.do','');
INSERT INTO T_LOCATION (ID,URL,REMARK) VALUES (30,'menu_21.do','');
INSERT INTO T_LOCATION (ID,URL,REMARK) VALUES (31,'menu_22.do','');
INSERT INTO T_LOCATION (ID,URL,REMARK) VALUES (32,'menu_23.do','');
INSERT INTO T_LOCATION (ID,URL,REMARK) VALUES (33,'menu_24.do','');
INSERT INTO T_LOCATION (ID,URL,REMARK) VALUES (34,'menu_25.do','');
INSERT INTO T_LOCATION (ID,URL,REMARK) VALUES (35,'menu_26.do','');
INSERT INTO T_LOCATION (ID,URL,REMARK) VALUES (36,'menu_27.do','');
INSERT INTO T_LOCATION (ID,URL,REMARK) VALUES (37,'getCustInvestmentList.do','');
INSERT INTO T_LOCATION (ID,URL,REMARK) VALUES (38,'getFundPerformanceList.do','');
INSERT INTO T_LOCATION (ID,URL,REMARK) VALUES (39,'preSelling.do','');
INSERT INTO T_LOCATION (ID,URL,REMARK) VALUES (40,'selling.do','');
INSERT INTO T_LOCATION (ID,URL,REMARK) VALUES (41,'preChangeFund.do','');
INSERT INTO T_LOCATION (ID,URL,REMARK) VALUES (42,'changeFund.do','');
INSERT INTO T_LOCATION (ID,URL,REMARK) VALUES (43,'preSwitchInvestment.do','');
INSERT INTO T_LOCATION (ID,URL,REMARK) VALUES (44,'switchInvestment.do','');
INSERT INTO T_LOCATION (ID,URL,REMARK) VALUES (45,'getRegularInvestmentList.do','');
INSERT INTO T_LOCATION (ID,URL,REMARK) VALUES (46,'preRegularInvestmentChange.do','');
INSERT INTO T_LOCATION (ID,URL,REMARK) VALUES (47,'regularInvestmentChange.do','');
INSERT INTO T_LOCATION (ID,URL,REMARK) VALUES (48,'reRegularInvest.do','');
INSERT INTO T_LOCATION (ID,URL,REMARK) VALUES (49,'getIrregularInvestmentList.do','');
INSERT INTO T_LOCATION (ID,URL,REMARK) VALUES (50,'preIrregularInvestmentChange.do','');
INSERT INTO T_LOCATION (ID,URL,REMARK) VALUES (51,'irregularInvestmentChange.do','');
INSERT INTO T_LOCATION (ID,URL,REMARK) VALUES (52,'reIrregularInvest.do','');
INSERT INTO T_LOCATION (ID,URL,REMARK) VALUES (53,'getCompanyFundsByFundCode.do','');
INSERT INTO T_LOCATION (ID,URL,REMARK) VALUES (54,'getSumAmount.do','');

INSERT INTO T_LOCATION (ID,URL,REMARK) VALUES (55,'stopRegularInvest.do','');
INSERT INTO T_LOCATION (ID,URL,REMARK) VALUES (56,'stopIrregularInvest.do','');

INSERT INTO T_LOCATION (ID,URL,REMARK) VALUES (120,'getReportDataList.do','');
INSERT INTO T_LOCATION (ID,URL,REMARK) VALUES (121,'pagingFundPerformanceList.do','');
INSERT INTO T_LOCATION (ID,URL,REMARK) VALUES (122,'pagingCustInvestmentList.do','');
INSERT INTO T_LOCATION (ID,URL,REMARK) VALUES (123,'pagingReportDataList.do','');
INSERT INTO T_LOCATION (ID,URL,REMARK) VALUES (124,'pagingPreInvestmentList.do','');
INSERT INTO T_LOCATION (ID,URL,REMARK) VALUES (125,'preCustOverView.do','');


INSERT INTO "T_LOCATION" (ID, URL) VALUES (150, 'preSetInitPwd.do');
INSERT INTO "T_LOCATION" (ID, URL) VALUES (151, 'setInitialPwd.do');
INSERT INTO "T_LOCATION" (ID, URL) VALUES (152, 'preSetInitInvAmount.do');
INSERT INTO "T_LOCATION" (ID, URL) VALUES (153, 'setInitInvAmount.do');
INSERT INTO "T_LOCATION" (ID, URL) VALUES (154, 'preSetHandleTariff.do');
INSERT INTO "T_LOCATION" (ID, URL) VALUES (155, 'setHandleTariff.do');
INSERT INTO "T_LOCATION" (ID, URL) VALUES (156, 'preSetTransferTariff.do');
INSERT INTO "T_LOCATION" (ID, URL) VALUES (157, 'setTransferTariff.do');



INSERT INTO "T_LOCATION" (ID, URL) VALUES (158, 'preAddUser.do');
INSERT INTO "T_LOCATION" (ID, URL) VALUES (159, 'addUser.do');
INSERT INTO "T_LOCATION" (ID, URL) VALUES (160, 'preManageUserInfo.do');
INSERT INTO "T_LOCATION" (ID, URL) VALUES (161, 'pagingUserList.do');
INSERT INTO "T_LOCATION" (ID, URL) VALUES (162, 'resetUserPwd.do');
INSERT INTO "T_LOCATION" (ID, URL) VALUES (163, 'deleteUser.do');
INSERT INTO "T_LOCATION" (ID, URL) VALUES (164, 'preModifyUserInfo.do');
INSERT INTO "T_LOCATION" (ID, URL) VALUES (165, 'modifyUserInfo.do');
INSERT INTO "T_LOCATION" (ID, URL) VALUES (166, 'preModifyUserPwd.do');
INSERT INTO "T_LOCATION" (ID, URL) VALUES (167, 'modifyUserPwd.do');




INSERT INTO "T_LOCATION" (ID, URL) VALUES (168, 'initPwdSucess.do');
INSERT INTO "T_LOCATION" (ID, URL) VALUES (169, 'initPwdFail.do');
INSERT INTO "T_LOCATION" (ID, URL) VALUES (170, 'initInvAmountSucess.do');
INSERT INTO "T_LOCATION" (ID, URL) VALUES (171, 'initInvAmountFail.do');
INSERT INTO "T_LOCATION" (ID, URL) VALUES (172, 'setHandleTariffSucess.do');
INSERT INTO "T_LOCATION" (ID, URL) VALUES (173, 'setHandleTariffFail.do');
INSERT INTO "T_LOCATION" (ID, URL) VALUES (174, 'setTransferTariffSucess.do');
INSERT INTO "T_LOCATION" (ID, URL) VALUES (175, 'setTransferTariffFail.do');
INSERT INTO "T_LOCATION" (ID, URL) VALUES (176, 'setCompetitionTopicSucess.do');
INSERT INTO "T_LOCATION" (ID, URL) VALUES (177, 'setCompetitionTopicFail.do');


INSERT INTO "T_LOCATION" (ID, URL) VALUES (178, 'addUserSucess.do');
INSERT INTO "T_LOCATION" (ID, URL) VALUES (179, 'addUserFail.do');
INSERT INTO "T_LOCATION" (ID, URL) VALUES (180, 'modifyUserInfoSucess.do');
INSERT INTO "T_LOCATION" (ID, URL) VALUES (181, 'modifyUserInfoFail.do');
INSERT INTO "T_LOCATION" (ID, URL) VALUES (182, 'modifyUserPwdSucess.do');
INSERT INTO "T_LOCATION" (ID, URL) VALUES (183, 'modifyUserPwdFail.do');

INSERT INTO "T_LOCATION" (ID, URL) VALUES (184, 'preSetCompetitionTopic.do');
INSERT INTO "T_LOCATION" (ID, URL) VALUES (185, 'setCompetitionTopic.do');

INSERT INTO "T_LOCATION" (ID, URL) VALUES (186, 'preAdmModifyUserInfo.do');
INSERT INTO "T_LOCATION" (ID, URL) VALUES (187, 'admModifyUserInfo.do');
INSERT INTO "T_LOCATION" (ID, URL) VALUES (188, 'admModifyUserInfoFail.do');
INSERT INTO "T_LOCATION" (ID, URL) VALUES (189, 'getCurrencyListByRole.do');

INSERT INTO "T_LOCATION" (ID, URL) VALUES (190, 'preSetMisc.do');
INSERT INTO "T_LOCATION" (ID, URL) VALUES (191, 'setMisc.do');
INSERT INTO "T_LOCATION" (ID, URL) VALUES (192, 'setMiscSucess.do');
INSERT INTO "T_LOCATION" (ID, URL) VALUES (193, 'setMiscFail.do');

INSERT INTO "T_LOCATION" (ID, URL) VALUES (194, 'getTopicQuarter.do');
INSERT INTO "T_LOCATION" (ID, URL) VALUES (195, 'getTopic.do');



/*============================== T_RESOURCE_LOCATION ===================*/

INSERT INTO T_RESOURCE_LOCATION (ID,RESOURCEID,LOCATIONID) VALUES (1,11,1);
INSERT INTO T_RESOURCE_LOCATION (ID,RESOURCEID,LOCATIONID) VALUES (2,11,2);
INSERT INTO T_RESOURCE_LOCATION (ID,RESOURCEID,LOCATIONID) VALUES (3,11,3);
INSERT INTO T_RESOURCE_LOCATION (ID,RESOURCEID,LOCATIONID) VALUES (4,11,4);
INSERT INTO T_RESOURCE_LOCATION (ID,RESOURCEID,LOCATIONID) VALUES (5,11,5);

INSERT INTO T_RESOURCE_LOCATION (ID,RESOURCEID,LOCATIONID) VALUES (6,12,1);
INSERT INTO T_RESOURCE_LOCATION (ID,RESOURCEID,LOCATIONID) VALUES (7,12,2);
INSERT INTO T_RESOURCE_LOCATION (ID,RESOURCEID,LOCATIONID) VALUES (8,12,3);
INSERT INTO T_RESOURCE_LOCATION (ID,RESOURCEID,LOCATIONID) VALUES (9,12,6);
INSERT INTO T_RESOURCE_LOCATION (ID,RESOURCEID,LOCATIONID) VALUES (10,12,7);

INSERT INTO T_RESOURCE_LOCATION (ID,RESOURCEID,LOCATIONID) VALUES (11,13,1);
INSERT INTO T_RESOURCE_LOCATION (ID,RESOURCEID,LOCATIONID) VALUES (12,13,2);
INSERT INTO T_RESOURCE_LOCATION (ID,RESOURCEID,LOCATIONID) VALUES (13,13,3);
INSERT INTO T_RESOURCE_LOCATION (ID,RESOURCEID,LOCATIONID) VALUES (14,13,8);
INSERT INTO T_RESOURCE_LOCATION (ID,RESOURCEID,LOCATIONID) VALUES (15,13,9);

INSERT INTO T_RESOURCE_LOCATION (ID,RESOURCEID,LOCATIONID) VALUES (16,1,10);
INSERT INTO T_RESOURCE_LOCATION (ID,RESOURCEID,LOCATIONID) VALUES (17,2,11);
INSERT INTO T_RESOURCE_LOCATION (ID,RESOURCEID,LOCATIONID) VALUES (18,3,12);
INSERT INTO T_RESOURCE_LOCATION (ID,RESOURCEID,LOCATIONID) VALUES (19,4,13);
INSERT INTO T_RESOURCE_LOCATION (ID,RESOURCEID,LOCATIONID) VALUES (20,5,14);
INSERT INTO T_RESOURCE_LOCATION (ID,RESOURCEID,LOCATIONID) VALUES (21,6,15);
INSERT INTO T_RESOURCE_LOCATION (ID,RESOURCEID,LOCATIONID) VALUES (22,7,16);
INSERT INTO T_RESOURCE_LOCATION (ID,RESOURCEID,LOCATIONID) VALUES (23,8,17);
INSERT INTO T_RESOURCE_LOCATION (ID,RESOURCEID,LOCATIONID) VALUES (24,9,18);
INSERT INTO T_RESOURCE_LOCATION (ID,RESOURCEID,LOCATIONID) VALUES (25,10,19);
INSERT INTO T_RESOURCE_LOCATION (ID,RESOURCEID,LOCATIONID) VALUES (26,11,20);
INSERT INTO T_RESOURCE_LOCATION (ID,RESOURCEID,LOCATIONID) VALUES (27,12,21);
INSERT INTO T_RESOURCE_LOCATION (ID,RESOURCEID,LOCATIONID) VALUES (28,13,22);
INSERT INTO T_RESOURCE_LOCATION (ID,RESOURCEID,LOCATIONID) VALUES (29,14,23);
INSERT INTO T_RESOURCE_LOCATION (ID,RESOURCEID,LOCATIONID) VALUES (30,15,24);
INSERT INTO T_RESOURCE_LOCATION (ID,RESOURCEID,LOCATIONID) VALUES (31,16,25);
INSERT INTO T_RESOURCE_LOCATION (ID,RESOURCEID,LOCATIONID) VALUES (32,17,26);
INSERT INTO T_RESOURCE_LOCATION (ID,RESOURCEID,LOCATIONID) VALUES (33,18,27);
INSERT INTO T_RESOURCE_LOCATION (ID,RESOURCEID,LOCATIONID) VALUES (34,19,28);
INSERT INTO T_RESOURCE_LOCATION (ID,RESOURCEID,LOCATIONID) VALUES (35,20,29);
INSERT INTO T_RESOURCE_LOCATION (ID,RESOURCEID,LOCATIONID) VALUES (36,21,30);
INSERT INTO T_RESOURCE_LOCATION (ID,RESOURCEID,LOCATIONID) VALUES (37,22,31);
INSERT INTO T_RESOURCE_LOCATION (ID,RESOURCEID,LOCATIONID) VALUES (38,23,32);
INSERT INTO T_RESOURCE_LOCATION (ID,RESOURCEID,LOCATIONID) VALUES (39,24,33);
INSERT INTO T_RESOURCE_LOCATION (ID,RESOURCEID,LOCATIONID) VALUES (40,25,34);
INSERT INTO T_RESOURCE_LOCATION (ID,RESOURCEID,LOCATIONID) VALUES (41,26,35);
INSERT INTO T_RESOURCE_LOCATION (ID,RESOURCEID,LOCATIONID) VALUES (42,27,36);
INSERT INTO T_RESOURCE_LOCATION (ID,RESOURCEID,LOCATIONID) VALUES (43,17,37);
INSERT INTO T_RESOURCE_LOCATION (ID,RESOURCEID,LOCATIONID) VALUES (44,16,38);


INSERT INTO T_RESOURCE_LOCATION (ID,RESOURCEID,LOCATIONID) VALUES (45,3,39);
INSERT INTO T_RESOURCE_LOCATION (ID,RESOURCEID,LOCATIONID) VALUES (46,3,40);
INSERT INTO T_RESOURCE_LOCATION (ID,RESOURCEID,LOCATIONID) VALUES (47,3,54);
INSERT INTO T_RESOURCE_LOCATION (ID,RESOURCEID,LOCATIONID) VALUES (48,4,41);
INSERT INTO T_RESOURCE_LOCATION (ID,RESOURCEID,LOCATIONID) VALUES (49,4,42);
INSERT INTO T_RESOURCE_LOCATION (ID,RESOURCEID,LOCATIONID) VALUES (50,4,53);
INSERT INTO T_RESOURCE_LOCATION (ID,RESOURCEID,LOCATIONID) VALUES (51,4,54);
INSERT INTO T_RESOURCE_LOCATION (ID,RESOURCEID,LOCATIONID) VALUES (52,5,43);
INSERT INTO T_RESOURCE_LOCATION (ID,RESOURCEID,LOCATIONID) VALUES (53,5,44);
INSERT INTO T_RESOURCE_LOCATION (ID,RESOURCEID,LOCATIONID) VALUES (54,5,54);

INSERT INTO T_RESOURCE_LOCATION (ID,RESOURCEID,LOCATIONID) VALUES (55,14,45);
INSERT INTO T_RESOURCE_LOCATION (ID,RESOURCEID,LOCATIONID) VALUES (56,14,46);
INSERT INTO T_RESOURCE_LOCATION (ID,RESOURCEID,LOCATIONID) VALUES (57,14,47);
INSERT INTO T_RESOURCE_LOCATION (ID,RESOURCEID,LOCATIONID) VALUES (58,14,48);
INSERT INTO T_RESOURCE_LOCATION (ID,RESOURCEID,LOCATIONID) VALUES (59,15,49);
INSERT INTO T_RESOURCE_LOCATION (ID,RESOURCEID,LOCATIONID) VALUES (60,15,50);
INSERT INTO T_RESOURCE_LOCATION (ID,RESOURCEID,LOCATIONID) VALUES (61,15,51);
INSERT INTO T_RESOURCE_LOCATION (ID,RESOURCEID,LOCATIONID) VALUES (62,15,52);
INSERT INTO T_RESOURCE_LOCATION (ID,RESOURCEID,LOCATIONID) VALUES (63,14,55);
INSERT INTO T_RESOURCE_LOCATION (ID,RESOURCEID,LOCATIONID) VALUES (64,15,56);


INSERT INTO T_RESOURCE_LOCATION (ID,RESOURCEID,LOCATIONID) VALUES (120,17,120);
INSERT INTO T_RESOURCE_LOCATION (ID,RESOURCEID,LOCATIONID) VALUES (121, 16, 121);
INSERT INTO T_RESOURCE_LOCATION (ID,RESOURCEID,LOCATIONID) VALUES ('122', '17', '122');
INSERT INTO "T_RESOURCE_LOCATION" (ID, RESOURCEID, LOCATIONID) VALUES ('123', '12', '123');
INSERT INTO "T_RESOURCE_LOCATION" (ID, RESOURCEID, LOCATIONID) VALUES ('124', '1', '124');
INSERT INTO "T_RESOURCE_LOCATION" (ID, RESOURCEID, LOCATIONID) VALUES ('125', '1', '125');

INSERT INTO "T_RESOURCE_LOCATION" (ID, RESOURCEID,LOCATIONID) VALUES (150,24,150);
INSERT INTO "T_RESOURCE_LOCATION" (ID, RESOURCEID,LOCATIONID) VALUES (151,24,151);
INSERT INTO "T_RESOURCE_LOCATION" (ID, RESOURCEID,LOCATIONID) VALUES (152,23,152);
INSERT INTO "T_RESOURCE_LOCATION" (ID, RESOURCEID,LOCATIONID) VALUES (153,23,153);
INSERT INTO "T_RESOURCE_LOCATION" (ID, RESOURCEID,LOCATIONID) VALUES (154,20,154);
INSERT INTO "T_RESOURCE_LOCATION" (ID, RESOURCEID,LOCATIONID) VALUES (155,20,155);
INSERT INTO "T_RESOURCE_LOCATION" (ID, RESOURCEID,LOCATIONID) VALUES (156,22,156);
INSERT INTO "T_RESOURCE_LOCATION" (ID, RESOURCEID,LOCATIONID) VALUES (157,22,157);

INSERT INTO "T_RESOURCE_LOCATION" (ID, RESOURCEID,LOCATIONID) VALUES (158,18,158);
INSERT INTO "T_RESOURCE_LOCATION" (ID, RESOURCEID,LOCATIONID) VALUES (159,18,159);
INSERT INTO "T_RESOURCE_LOCATION" (ID, RESOURCEID,LOCATIONID) VALUES (160,19,160);
INSERT INTO "T_RESOURCE_LOCATION" (ID, RESOURCEID,LOCATIONID) VALUES (161,19,161);
INSERT INTO "T_RESOURCE_LOCATION" (ID, RESOURCEID,LOCATIONID) VALUES (162,19,162);
INSERT INTO "T_RESOURCE_LOCATION" (ID, RESOURCEID,LOCATIONID) VALUES (163,19,163);
INSERT INTO "T_RESOURCE_LOCATION" (ID, RESOURCEID,LOCATIONID) VALUES (164,26,164);
INSERT INTO "T_RESOURCE_LOCATION" (ID, RESOURCEID,LOCATIONID) VALUES (165,26,165);
INSERT INTO "T_RESOURCE_LOCATION" (ID, RESOURCEID,LOCATIONID) VALUES (166,27,166);
INSERT INTO "T_RESOURCE_LOCATION" (ID, RESOURCEID,LOCATIONID) VALUES (167,27,167);

INSERT INTO "T_RESOURCE_LOCATION" (ID, RESOURCEID,LOCATIONID) VALUES (168,24,168);
INSERT INTO "T_RESOURCE_LOCATION" (ID, RESOURCEID,LOCATIONID) VALUES (169,24,169);
INSERT INTO "T_RESOURCE_LOCATION" (ID, RESOURCEID,LOCATIONID) VALUES (170,23,170);
INSERT INTO "T_RESOURCE_LOCATION" (ID, RESOURCEID,LOCATIONID) VALUES (171,23,171);
INSERT INTO "T_RESOURCE_LOCATION" (ID, RESOURCEID,LOCATIONID) VALUES (172,20,172);
INSERT INTO "T_RESOURCE_LOCATION" (ID, RESOURCEID,LOCATIONID) VALUES (173,20,173);
INSERT INTO "T_RESOURCE_LOCATION" (ID, RESOURCEID,LOCATIONID) VALUES (174,22,174);
INSERT INTO "T_RESOURCE_LOCATION" (ID, RESOURCEID,LOCATIONID) VALUES (175,22,175);
INSERT INTO "T_RESOURCE_LOCATION" (ID, RESOURCEID,LOCATIONID) VALUES (176,25,176);
INSERT INTO "T_RESOURCE_LOCATION" (ID, RESOURCEID,LOCATIONID) VALUES (177,25,177);


INSERT INTO "T_RESOURCE_LOCATION" (ID, RESOURCEID,LOCATIONID) VALUES (178,18,178);
INSERT INTO "T_RESOURCE_LOCATION" (ID, RESOURCEID,LOCATIONID) VALUES (179,18,179);
INSERT INTO "T_RESOURCE_LOCATION" (ID, RESOURCEID,LOCATIONID) VALUES (180,26,180);
INSERT INTO "T_RESOURCE_LOCATION" (ID, RESOURCEID,LOCATIONID) VALUES (181,26,181);
INSERT INTO "T_RESOURCE_LOCATION" (ID, RESOURCEID,LOCATIONID) VALUES (182,27,182);
INSERT INTO "T_RESOURCE_LOCATION" (ID, RESOURCEID,LOCATIONID) VALUES (183,27,183);

INSERT INTO "T_RESOURCE_LOCATION" (ID, RESOURCEID,LOCATIONID) VALUES (184,25,184);
INSERT INTO "T_RESOURCE_LOCATION" (ID, RESOURCEID,LOCATIONID) VALUES (185,25,185);

INSERT INTO "T_RESOURCE_LOCATION" (ID, RESOURCEID,LOCATIONID) VALUES (186,19,186);
INSERT INTO "T_RESOURCE_LOCATION" (ID, RESOURCEID,LOCATIONID) VALUES (187,19,187);
INSERT INTO "T_RESOURCE_LOCATION" (ID, RESOURCEID,LOCATIONID) VALUES (188,19,188);
INSERT INTO "T_RESOURCE_LOCATION" (ID, RESOURCEID,LOCATIONID) VALUES (189,18,189);

INSERT INTO "T_RESOURCE_LOCATION" (ID, RESOURCEID,LOCATIONID) VALUES (190,21,190);
INSERT INTO "T_RESOURCE_LOCATION" (ID, RESOURCEID,LOCATIONID) VALUES (191,21,191);
INSERT INTO "T_RESOURCE_LOCATION" (ID, RESOURCEID,LOCATIONID) VALUES (192,21,192);
INSERT INTO "T_RESOURCE_LOCATION" (ID, RESOURCEID,LOCATIONID) VALUES (193,21,193);

INSERT INTO "T_RESOURCE_LOCATION" (ID, RESOURCEID,LOCATIONID) VALUES (194,25,194);
INSERT INTO "T_RESOURCE_LOCATION" (ID, RESOURCEID,LOCATIONID) VALUES (195,25,195);



/*============================== T_SYSPARAM ================================*/
INSERT INTO "T_SYSPARAM" (ID, VALUE, NAME, REMARK) VALUES ('100000005', '10000000.00', 'initial_inv_amount', 'this is initial investment amount');
INSERT INTO "T_SYSPARAM" (ID, VALUE, NAME, REMARK) VALUES ('100000001', '888888', 'initial_password', 'this is initial password');
INSERT INTO "T_SYSPARAM" (ID, VALUE, NAME, REMARK) VALUES ('100000003', '2', 'lowest_handle_tariff', 'this is initial lowest handle tariff');
INSERT INTO "T_SYSPARAM" (ID, VALUE, NAME, REMARK) VALUES ('100000004', '50', 'highest_handle_tariff', 'this is initial highest handle tariff');
INSERT INTO "T_SYSPARAM" (ID, VALUE, NAME, REMARK) VALUES ('100000006', '1.5', 'handle_rate', 'this is initial handle rate');
INSERT INTO "T_SYSPARAM" (ID, VALUE, NAME, REMARK) VALUES ('100000007', '2', 'lowest_transfer_tariff', 'this is initial lowest_transfer tariff');
INSERT INTO "T_SYSPARAM" (ID, VALUE, NAME, REMARK) VALUES ('100000008', '40', 'highest_transfer_tariff', 'this is initial highest tranfer tariff');
INSERT INTO "T_SYSPARAM" (ID, VALUE, NAME, REMARK) VALUES ('100000009', '1', 'transfer_rate', 'this is initial transfer rate');
INSERT INTO "T_SYSPARAM" (ID, VALUE, NAME, REMARK) VALUES ('100000010', '500', 'min_trans_amt', 'this is min transaction amount');
INSERT INTO "T_SYSPARAM" (ID, VALUE, NAME, REMARK) VALUES ('100000011', '100', 'min_fund_unit', 'this is min fund units per transaction for investment');


/*============================== T_CURRENCY ================================*/
INSERT INTO "T_CURRENCY" (ID, NAME,TYPE) VALUES ('3', '人民幣',3);
INSERT INTO "T_CURRENCY" (ID, NAME,TYPE) VALUES ('2', '美元',2);
INSERT INTO "T_CURRENCY" (ID, NAME,TYPE) VALUES ('1', '新臺幣',1);
/*============================== T_USER ================================*/
INSERT INTO T_USER (ID,USERNAME,NAME,PASSWORD,CREATETIME,STATUS,ADDITION) VALUES (1,'ctcb','ctcb','wlRL9e64X3gAn3GuJyFrVg==',sysdate,1,'abc');
/*============================== T_USER_ROLE ================================*/
INSERT INTO T_USER_ROLE (ID,USERID,ROLEID) VALUES (1,1,1);

/*============================== COMMIT ================================*/
COMMIT;
